query,label
What does Python programming mean?,valid
What does climate change mean?,valid
Who is Python programming?,valid
Record cloud computing,invalid
What is the best way to digital marketing?,valid
Buy traveling in Europe,invalid
Add Python programming,invalid
What is the best way to remote work?,valid
Post remote work,invalid
Best tools for data analysis,valid
Latest news on remote work,valid
Latest news on freelancing,valid
What does blockchain mean?,valid
Buy machine learning,invalid
Best tools for cloud computing,valid
Navigate to stock market,invalid
Buy weight loss,invalid
How to start traveling in Europe?,valid
Benefits of traveling in Europe,valid
Schedule artificial intelligence,invalid
Guide to digital marketing,valid
Schedule investing in crypto,invalid
Schedule meditation,invalid
Benefits of deep learning,valid
Turn on weight loss,invalid
Best tools for Python programming,valid
Guide to investing in crypto,valid
Benefits of machine learning,valid
Turn on personal finance,invalid
Guide to investing in crypto,valid
Record stock market,invalid
Call weight loss,invalid
Benefits of traveling in Europe,valid
Order meditation,invalid
Call digital marketing,invalid
Who is data analysis?,valid
Guide to building a startup,valid
Set a timer for meditation,invalid
Record climate change,invalid
Take a selfie personal finance,invalid
Top 10 digital marketing in personal finance,valid
Navigate to software development,invalid
Order cybersecurity,invalid
Order digital marketing,invalid
How to learn meditation quickly?,valid
Set a timer for stock market,invalid
Navigate to data analysis,invalid
Schedule personal finance,invalid
Cook stock market,invalid
Post stock market,invalid
Navigate to climate change,invalid
How to start blockchain?,valid
Who is stock market?,valid
How to start machine learning?,valid
Top 10 remote work in stock market,valid
How to learn deep learning quickly?,valid
Translate data analysis,invalid
What does stock market mean?,valid
Guide to climate change,valid
Best tools for climate change,valid
What is the best way to blockchain?,valid
What does meditation mean?,valid
Top 10 freelancing in building a startup,valid
What does freelancing mean?,valid
Latest news on meditation,valid
Best tools for cybersecurity,valid
Add machine learning,invalid
How to learn deep learning quickly?,valid
Guide to building a startup,valid
Navigate to data analysis,invalid
Guide to stock market,valid
Cook blockchain,invalid
Guide to blockchain,valid
What is the best way to remote work?,valid
What does cloud computing mean?,valid
Top 10 climate change in Python programming,valid
How to start data analysis?,valid
How to start blockchain?,valid
How to learn climate change quickly?,valid
How to start blockchain?,valid
Who is digital marketing?,valid
Who is Python programming?,valid
Translate personal finance,invalid
Post investing in crypto,invalid
Best tools for Python programming,valid
Email climate change,invalid
Cook blockchain,invalid
Turn on personal finance,invalid
Text traveling in Europe,invalid
Add digital marketing,invalid
Send a message to remote work,invalid
How to learn personal finance quickly?,valid
Guide to deep learning,valid
Benefits of weight loss,valid
How to learn remote work quickly?,valid
How to start climate change?,valid
Buy traveling in Europe,invalid
Benefits of data analysis,valid
Text digital marketing,invalid
Best tools for meditation,valid
Who is personal finance?,valid
What does building a startup mean?,valid
Latest news on personal finance,valid
Navigate to artificial intelligence,invalid
How to start stock market?,valid
Who is climate change?,valid
Set a timer for remote work,invalid
Record software development,invalid
Order traveling in Europe,invalid
What does meditation mean?,valid
Top 10 cloud computing in climate change,valid
Benefits of digital marketing,valid
Turn on traveling in Europe,invalid
Translate data analysis,invalid
How to learn cloud computing quickly?,valid
Cook artificial intelligence,invalid
Play blockchain,invalid
Turn on blockchain,invalid
Navigate to digital marketing,invalid
Top 10 building a startup in software development,valid
Set a timer for deep learning,invalid
Buy artificial intelligence,invalid
Call cybersecurity,invalid
Email climate change,invalid
Best tools for digital marketing,valid
Walk my pet machine learning,invalid
Walk my pet deep learning,invalid
Best tools for deep learning,valid
Set a timer for building a startup,invalid
What does artificial intelligence mean?,valid
Record building a startup,invalid
Latest news on remote work,valid
Open digital marketing,invalid
Remind me to blockchain,invalid
How to start artificial intelligence?,valid
Benefits of deep learning,valid
Cook digital marketing,invalid
Cook cybersecurity,invalid
Play freelancing,invalid
Remind me to building a startup,invalid
Latest news on artificial intelligence,valid
Top 10 data analysis in artificial intelligence,valid
Guide to software development,valid
Who is cloud computing?,valid
Best tools for data analysis,valid
Turn on cybersecurity,invalid
Walk my pet digital marketing,invalid
Turn on blockchain,invalid
Who is deep learning?,valid
How to start digital marketing?,valid
Top 10 cybersecurity in personal finance,valid
Benefits of weight loss,valid
Buy weight loss,invalid
Navigate to remote work,invalid
Order meditation,invalid
What does climate change mean?,valid
Post remote work,invalid
Post digital marketing,invalid
Best tools for investing in crypto,valid
Post remote work,invalid
Set a timer for artificial intelligence,invalid
Benefits of Python programming,valid
Benefits of machine learning,valid
What is the best way to machine learning?,valid
Order remote work,invalid
Post cybersecurity,invalid
What does remote work mean?,valid
Navigate to weight loss,invalid
Take a selfie freelancing,invalid
Benefits of data analysis,valid
Who is traveling in Europe?,valid
Cook Python programming,invalid
Navigate to personal finance,invalid
What does personal finance mean?,valid
Walk my pet deep learning,invalid
Order personal finance,invalid
Open weight loss,invalid
Benefits of remote work,valid
Text deep learning,invalid
Call building a startup,invalid
Open remote work,invalid
Benefits of artificial intelligence,valid
Best tools for traveling in Europe,valid
Turn on deep learning,invalid
Who is machine learning?,valid
How to learn investing in crypto quickly?,valid
Benefits of weight loss,valid
Post meditation,invalid
Top 10 freelancing in software development,valid
Latest news on remote work,valid
Post data analysis,invalid
Add machine learning,invalid
Latest news on software development,valid
Latest news on blockchain,valid
Benefits of remote work,valid
Latest news on software development,valid
Best tools for meditation,valid
Guide to deep learning,valid
Best tools for digital marketing,valid
Take a selfie artificial intelligence,invalid
Navigate to cloud computing,invalid
Translate personal finance,invalid
Guide to weight loss,valid
Post investing in crypto,invalid
Email machine learning,invalid
Walk my pet remote work,invalid
Who is blockchain?,valid
What is the best way to personal finance?,valid
Benefits of remote work,valid
Benefits of climate change,valid
Best tools for meditation,valid
Buy Python programming,invalid
Open artificial intelligence,invalid
Latest news on digital marketing,valid
Benefits of cloud computing,valid
How to learn data analysis quickly?,valid
Benefits of traveling in Europe,valid
Navigate to software development,invalid
Navigate to freelancing,invalid
Order personal finance,invalid
How to learn traveling in Europe quickly?,valid
Guide to remote work,valid
What does artificial intelligence mean?,valid
Best tools for meditation,valid
Navigate to digital marketing,invalid
How to start climate change?,valid
Cook investing in crypto,invalid
Who is data analysis?,valid
Text Python programming,invalid
Record traveling in Europe,invalid
How to learn blockchain quickly?,valid
Buy investing in crypto,invalid
Top 10 climate change in data analysis,valid
What is the best way to software development?,valid
How to learn artificial intelligence quickly?,valid
Top 10 machine learning in meditation,valid
Order remote work,invalid
Post stock market,invalid
Email building a startup,invalid
Add traveling in Europe,invalid
Set a timer for traveling in Europe,invalid
Best tools for artificial intelligence,valid
What is the best way to software development?,valid
How to learn meditation quickly?,valid
Take a selfie deep learning,invalid
Top 10 blockchain in investing in crypto,valid
What is the best way to cybersecurity?,valid
Set a timer for investing in crypto,invalid
What does Python programming mean?,valid
Call Python programming,invalid
Cook climate change,invalid
What does artificial intelligence mean?,valid
Benefits of remote work,valid
Translate deep learning,invalid
What is the best way to data analysis?,valid
Latest news on machine learning,valid
Best tools for machine learning,valid
Order remote work,invalid
Open cybersecurity,invalid
How to start machine learning?,valid
Best tools for weight loss,valid
Guide to climate change,valid
Record software development,invalid
Remind me to cloud computing,invalid
Call freelancing,invalid
What does weight loss mean?,valid
Buy deep learning,invalid
Top 10 stock market in machine learning,valid
Open artificial intelligence,invalid
Play software development,invalid
Best tools for data analysis,valid
Top 10 digital marketing in investing in crypto,valid
Post data analysis,invalid
Benefits of blockchain,valid
Set a timer for climate change,invalid
Email machine learning,invalid
Play deep learning,invalid
Guide to machine learning,valid
Turn on meditation,invalid
What is the best way to Python programming?,valid
Text cloud computing,invalid
Take a selfie investing in crypto,invalid
Send a message to cloud computing,invalid
Send a message to traveling in Europe,invalid
What does blockchain mean?,valid
Guide to machine learning,valid
Latest news on climate change,valid
Post data analysis,invalid
Guide to building a startup,valid
Text personal finance,invalid
What is the best way to cloud computing?,valid
What is the best way to data analysis?,valid
Record remote work,invalid
What is the best way to freelancing?,valid
Schedule building a startup,invalid
Who is building a startup?,valid
Latest news on machine learning,valid
Take a selfie artificial intelligence,invalid
Navigate to artificial intelligence,invalid
What does data analysis mean?,valid
Call cloud computing,invalid
What does cloud computing mean?,valid
Open stock market,invalid
Who is blockchain?,valid
Guide to cybersecurity,valid
Record building a startup,invalid
What does Python programming mean?,valid
Navigate to digital marketing,invalid
Guide to deep learning,valid
Best tools for meditation,valid
Best tools for stock market,valid
Remind me to weight loss,invalid
Top 10 cybersecurity in investing in crypto,valid
Text building a startup,invalid
Cook stock market,invalid
Take a selfie cybersecurity,invalid
Post remote work,invalid
Best tools for software development,valid
Top 10 blockchain in stock market,valid
Best tools for personal finance,valid
Order blockchain,invalid
Top 10 climate change in meditation,valid
Open weight loss,invalid
Set a timer for meditation,invalid
Benefits of Python programming,valid
Schedule weight loss,invalid
How to start building a startup?,valid
Top 10 deep learning in digital marketing,valid
Take a selfie traveling in Europe,invalid
Record artificial intelligence,invalid
Top 10 stock market in remote work,valid
Record stock market,invalid
How to learn data analysis quickly?,valid
Open traveling in Europe,invalid
Navigate to meditation,invalid
Top 10 personal finance in data analysis,valid
Latest news on blockchain,valid
Order remote work,invalid
Who is data analysis?,valid
Who is digital marketing?,valid
Send a message to cybersecurity,invalid
Translate data analysis,invalid
Post remote work,invalid
Turn on deep learning,invalid
Walk my pet freelancing,invalid
Send a message to investing in crypto,invalid
Set a timer for building a startup,invalid
Benefits of cloud computing,valid
Benefits of machine learning,valid
Add cybersecurity,invalid
Record stock market,invalid
Top 10 cybersecurity in machine learning,valid
Top 10 stock market in meditation,valid
Remind me to software development,invalid
Post stock market,invalid
Remind me to investing in crypto,invalid
How to learn blockchain quickly?,valid
Post software development,invalid
Send a message to climate change,invalid
Latest news on remote work,valid
Buy investing in crypto,invalid
What is the best way to digital marketing?,valid
Record artificial intelligence,invalid
Cook deep learning,invalid
Order investing in crypto,invalid
Set a timer for digital marketing,invalid
Benefits of remote work,valid
Remind me to meditation,invalid
What does remote work mean?,valid
Walk my pet investing in crypto,invalid
Cook stock market,invalid
Turn on cloud computing,invalid
What is the best way to software development?,valid
Guide to data analysis,valid
Post building a startup,invalid
Cook investing in crypto,invalid
What is the best way to traveling in Europe?,valid
Email stock market,invalid
Email software development,invalid
Who is blockchain?,valid
Latest news on machine learning,valid
Latest news on cybersecurity,valid
Translate building a startup,invalid
How to learn personal finance quickly?,valid
Set a timer for building a startup,invalid
How to learn traveling in Europe quickly?,valid
What does artificial intelligence mean?,valid
Top 10 weight loss in machine learning,valid
Walk my pet meditation,invalid
Guide to investing in crypto,valid
How to start climate change?,valid
Call cloud computing,invalid
Top 10 stock market in artificial intelligence,valid
Open cybersecurity,invalid
Text personal finance,invalid
Cook weight loss,invalid
Translate cloud computing,invalid
Guide to digital marketing,valid
Take a selfie investing in crypto,invalid
What is the best way to deep learning?,valid
Send a message to artificial intelligence,invalid
Send a message to artificial intelligence,invalid
Email stock market,invalid
Who is data analysis?,valid
Top 10 blockchain in weight loss,valid
Email climate change,invalid
Buy software development,invalid
Call machine learning,invalid
Play stock market,invalid
What is the best way to machine learning?,valid
Schedule freelancing,invalid
Post machine learning,invalid
What is the best way to building a startup?,valid
How to learn stock market quickly?,valid
Set a timer for weight loss,invalid
Add blockchain,invalid
Add personal finance,invalid
Open artificial intelligence,invalid
Email cloud computing,invalid
How to learn weight loss quickly?,valid
Guide to building a startup,valid
Best tools for traveling in Europe,valid
What does meditation mean?,valid
How to start cloud computing?,valid
Cook software development,invalid
Who is investing in crypto?,valid
What is the best way to remote work?,valid
Guide to investing in crypto,valid
Latest news on machine learning,valid
Walk my pet blockchain,invalid
Benefits of meditation,valid
Latest news on cybersecurity,valid
How to learn personal finance quickly?,valid
How to learn software development quickly?,valid
Set a timer for weight loss,invalid
Who is Python programming?,valid
What does data analysis mean?,valid
What is the best way to stock market?,valid
How to learn weight loss quickly?,valid
What does personal finance mean?,valid
Latest news on software development,valid
Email deep learning,invalid
Open cybersecurity,invalid
Who is traveling in Europe?,valid
How to learn weight loss quickly?,valid
Set a timer for digital marketing,invalid
What does building a startup mean?,valid
Who is traveling in Europe?,valid
Order stock market,invalid
Top 10 blockchain in digital marketing,valid
Send a message to stock market,invalid
Add artificial intelligence,invalid
Text climate change,invalid
Top 10 cloud computing in remote work,valid
Order blockchain,invalid
Translate artificial intelligence,invalid
Text deep learning,invalid
Translate digital marketing,invalid
Navigate to artificial intelligence,invalid
Top 10 remote work in traveling in Europe,valid
How to start remote work?,valid
Best tools for blockchain,valid
What is the best way to weight loss?,valid
Schedule deep learning,invalid
Top 10 climate change in personal finance,valid
How to start building a startup?,valid
What is the best way to remote work?,valid
Latest news on data analysis,valid
Latest news on deep learning,valid
What is the best way to cybersecurity?,valid
Guide to Python programming,valid
Who is cloud computing?,valid
Email deep learning,invalid
Order artificial intelligence,invalid
Remind me to cybersecurity,invalid
Take a selfie personal finance,invalid
What does stock market mean?,valid
Best tools for blockchain,valid
Open meditation,invalid
Buy remote work,invalid
Who is Python programming?,valid
Who is digital marketing?,valid
Best tools for digital marketing,valid
Who is data analysis?,valid
Buy software development,invalid
Schedule cloud computing,invalid
Translate software development,invalid
Who is remote work?,valid
Take a selfie deep learning,invalid
Guide to blockchain,valid
Record climate change,invalid
Post digital marketing,invalid
Who is machine learning?,valid
Top 10 traveling in Europe in artificial intelligence,valid
Top 10 meditation in climate change,valid
Take a selfie digital marketing,invalid
Who is blockchain?,valid
Best tools for building a startup,valid
How to learn meditation quickly?,valid
Navigate to digital marketing,invalid
What is the best way to deep learning?,valid
How to learn cloud computing quickly?,valid
How to start freelancing?,valid
Set a timer for data analysis,invalid
Best tools for climate change,valid
Call stock market,invalid
Email stock market,invalid
Record investing in crypto,invalid
What does cybersecurity mean?,valid
Translate artificial intelligence,invalid
Benefits of meditation,valid
Translate building a startup,invalid
Cook cybersecurity,invalid
What does meditation mean?,valid
Record digital marketing,invalid
Benefits of artificial intelligence,valid
How to learn digital marketing quickly?,valid
Latest news on machine learning,valid
What is the best way to Python programming?,valid
Guide to freelancing,valid
Schedule software development,invalid
Latest news on deep learning,valid
Post investing in crypto,invalid
Who is software development?,valid
Set a timer for building a startup,invalid
Best tools for weight loss,valid
Best tools for digital marketing,valid
Record Python programming,invalid
Take a selfie digital marketing,invalid
Order remote work,invalid
What is the best way to deep learning?,valid
Latest news on building a startup,valid
Guide to investing in crypto,valid
Walk my pet artificial intelligence,invalid
Order personal finance,invalid
Turn on digital marketing,invalid
Top 10 personal finance in deep learning,valid
Latest news on deep learning,valid
Order traveling in Europe,invalid
Benefits of meditation,valid
Top 10 traveling in Europe in remote work,valid
Call deep learning,invalid
Cook building a startup,invalid
Best tools for cloud computing,valid
What does weight loss mean?,valid
Best tools for stock market,valid
Best tools for artificial intelligence,valid
Benefits of blockchain,valid
Best tools for cloud computing,valid
Order stock market,invalid
Send a message to digital marketing,invalid
Walk my pet artificial intelligence,invalid
How to start artificial intelligence?,valid
Benefits of investing in crypto,valid
Walk my pet blockchain,invalid
Turn on building a startup,invalid
Benefits of remote work,valid
Cook data analysis,invalid
Text digital marketing,invalid
Play deep learning,invalid
Order freelancing,invalid
What does climate change mean?,valid
Open blockchain,invalid
Call deep learning,invalid
How to start data analysis?,valid
Call data analysis,invalid
Call personal finance,invalid
Buy software development,invalid
Text deep learning,invalid
Who is freelancing?,valid
Text software development,invalid
Top 10 traveling in Europe in traveling in Europe,valid
Benefits of data analysis,valid
Guide to traveling in Europe,valid
Best tools for building a startup,valid
Take a selfie cybersecurity,invalid
Who is blockchain?,valid
Navigate to stock market,invalid
How to learn software development quickly?,valid
Send a message to data analysis,invalid
Top 10 Python programming in remote work,valid
Benefits of personal finance,valid
Best tools for remote work,valid
Email building a startup,invalid
Call deep learning,invalid
What is the best way to digital marketing?,valid
Take a selfie machine learning,invalid
Set a timer for investing in crypto,invalid
Turn on cloud computing,invalid
Translate building a startup,invalid
Remind me to digital marketing,invalid
Guide to building a startup,valid
Guide to data analysis,valid
Remind me to meditation,invalid
What is the best way to cybersecurity?,valid
Best tools for blockchain,valid
Play blockchain,invalid
Best tools for blockchain,valid
Play cloud computing,invalid
What does stock market mean?,valid
Benefits of stock market,valid
Text remote work,invalid
Walk my pet investing in crypto,invalid
Set a timer for artificial intelligence,invalid
How to learn climate change quickly?,valid
Text software development,invalid
What is the best way to blockchain?,valid
What is the best way to artificial intelligence?,valid
Email remote work,invalid
Top 10 investing in crypto in freelancing,valid
Buy software development,invalid
Add digital marketing,invalid
Call Python programming,invalid
Turn on cybersecurity,invalid
Top 10 remote work in weight loss,valid
Take a selfie Python programming,invalid
Buy climate change,invalid
Benefits of weight loss,valid
Walk my pet investing in crypto,invalid
How to start digital marketing?,valid
Latest news on traveling in Europe,valid
What does Python programming mean?,valid
What is the best way to data analysis?,valid
Benefits of machine learning,valid
Remind me to remote work,invalid
Cook investing in crypto,invalid
Email investing in crypto,invalid
Benefits of Python programming,valid
How to start climate change?,valid
Benefits of meditation,valid
Set a timer for building a startup,invalid
Email blockchain,invalid
Text remote work,invalid
Record artificial intelligence,invalid
Open cybersecurity,invalid
Translate personal finance,invalid
Text data analysis,invalid
Best tools for cybersecurity,valid
Send a message to blockchain,invalid
Add traveling in Europe,invalid
Top 10 software development in deep learning,valid
Set a timer for Python programming,invalid
Guide to cybersecurity,valid
Benefits of investing in crypto,valid
Turn on machine learning,invalid
Record machine learning,invalid
Add Python programming,invalid
Turn on digital marketing,invalid
Text artificial intelligence,invalid
Latest news on freelancing,valid
What does meditation mean?,valid
How to learn digital marketing quickly?,valid
Best tools for personal finance,valid
Add deep learning,invalid
Schedule investing in crypto,invalid
Set a timer for cloud computing,invalid
Benefits of Python programming,valid
What does Python programming mean?,valid
What does stock market mean?,valid
Latest news on climate change,valid
What is the best way to weight loss?,valid
Best tools for meditation,valid
Guide to software development,valid
Order meditation,invalid
Latest news on cloud computing,valid
Navigate to weight loss,invalid
Best tools for investing in crypto,valid
Benefits of deep learning,valid
Remind me to Python programming,invalid
Latest news on climate change,valid
Best tools for Python programming,valid
Translate cloud computing,invalid
Add deep learning,invalid
Call Python programming,invalid
Order deep learning,invalid
What does building a startup mean?,valid
Order deep learning,invalid
Remind me to artificial intelligence,invalid
What does climate change mean?,valid
How to start investing in crypto?,valid
Schedule software development,invalid
Cook remote work,invalid
How to learn cybersecurity quickly?,valid
Email software development,invalid
Add cloud computing,invalid
Post machine learning,invalid
How to learn stock market quickly?,valid
How to start freelancing?,valid
How to learn freelancing quickly?,valid
Schedule climate change,invalid
How to learn data analysis quickly?,valid
What does weight loss mean?,valid
Post meditation,invalid
How to start software development?,valid
What does digital marketing mean?,valid
Add digital marketing,invalid
Best tools for personal finance,valid
Guide to personal finance,valid
Set a timer for blockchain,invalid
Walk my pet stock market,invalid
Record cloud computing,invalid
Schedule freelancing,invalid
Who is meditation?,valid
What does building a startup mean?,valid
Best tools for traveling in Europe,valid
Benefits of stock market,valid
Take a selfie stock market,invalid
What is the best way to data analysis?,valid
Top 10 climate change in Python programming,valid
Walk my pet blockchain,invalid
Email artificial intelligence,invalid
Order weight loss,invalid
Set a timer for investing in crypto,invalid
Who is cloud computing?,valid
Turn on deep learning,invalid
Set a timer for cloud computing,invalid
Post cybersecurity,invalid
Top 10 blockchain in digital marketing,valid
Cook blockchain,invalid
Add deep learning,invalid
Cook stock market,invalid
How to start artificial intelligence?,valid
Who is traveling in Europe?,valid
Best tools for freelancing,valid
Latest news on deep learning,valid
Send a message to data analysis,invalid
Cook cloud computing,invalid
Latest news on traveling in Europe,valid
Cook cybersecurity,invalid
Latest news on remote work,valid
Buy stock market,invalid
How to learn data analysis quickly?,valid
Record climate change,invalid
Post data analysis,invalid
Turn on digital marketing,invalid
Best tools for digital marketing,valid
Order Python programming,invalid
Record cybersecurity,invalid
How to learn investing in crypto quickly?,valid
How to start cybersecurity?,valid
Who is climate change?,valid
Call remote work,invalid
Turn on remote work,invalid
Schedule digital marketing,invalid
Text personal finance,invalid
Top 10 remote work in meditation,valid
Order investing in crypto,invalid
Top 10 software development in traveling in Europe,valid
Open blockchain,invalid
Best tools for personal finance,valid
Buy cybersecurity,invalid
Benefits of blockchain,valid
Send a message to cloud computing,invalid
Top 10 data analysis in weight loss,valid
Best tools for stock market,valid
Set a timer for software development,invalid
Take a selfie artificial intelligence,invalid
Navigate to digital marketing,invalid
How to learn artificial intelligence quickly?,valid
How to learn cybersecurity quickly?,valid
Schedule weight loss,invalid
Buy cloud computing,invalid
Order meditation,invalid
Navigate to personal finance,invalid
How to start weight loss?,valid
Who is stock market?,valid
Play traveling in Europe,invalid
Open building a startup,invalid
Who is remote work?,valid
Play blockchain,invalid
Play freelancing,invalid
Who is Python programming?,valid
Open data analysis,invalid
Top 10 digital marketing in data analysis,valid
Order software development,invalid
Benefits of weight loss,valid
Best tools for stock market,valid
Email cybersecurity,invalid
Turn on remote work,invalid
Navigate to data analysis,invalid
How to learn personal finance quickly?,valid
Guide to cybersecurity,valid
Best tools for freelancing,valid
Call blockchain,invalid
Cook investing in crypto,invalid
What is the best way to personal finance?,valid
Remind me to data analysis,invalid
Call remote work,invalid
Add personal finance,invalid
Best tools for cybersecurity,valid
Best tools for investing in crypto,valid
How to start blockchain?,valid
Who is investing in crypto?,valid
Post blockchain,invalid
Set a timer for data analysis,invalid
Order personal finance,invalid
Record Python programming,invalid
How to learn digital marketing quickly?,valid
Order digital marketing,invalid
Top 10 freelancing in freelancing,valid
Open personal finance,invalid
Play deep learning,invalid
Guide to cloud computing,valid
Top 10 cybersecurity in Python programming,valid
Latest news on weight loss,valid
Navigate to artificial intelligence,invalid
Send a message to climate change,invalid
Translate personal finance,invalid
Post stock market,invalid
How to start traveling in Europe?,valid
Post blockchain,invalid
Top 10 cybersecurity in machine learning,valid
Turn on investing in crypto,invalid
Set a timer for software development,invalid
Cook cybersecurity,invalid
Post traveling in Europe,invalid
What does cloud computing mean?,valid
Benefits of stock market,valid
How to learn personal finance quickly?,valid
Order traveling in Europe,invalid
What is the best way to digital marketing?,valid
What is the best way to weight loss?,valid
What does traveling in Europe mean?,valid
Call blockchain,invalid
How to start data analysis?,valid
Guide to meditation,valid
Navigate to weight loss,invalid
Latest news on data analysis,valid
Take a selfie cybersecurity,invalid
What is the best way to remote work?,valid
Turn on cybersecurity,invalid
Best tools for stock market,valid
Set a timer for traveling in Europe,invalid
What is the best way to Python programming?,valid
How to start meditation?,valid
Schedule building a startup,invalid
How to start freelancing?,valid
Text data analysis,invalid
Set a timer for software development,invalid
Record deep learning,invalid
Open data analysis,invalid
Cook traveling in Europe,invalid
Call deep learning,invalid
Latest news on cloud computing,valid
What does personal finance mean?,valid
What does personal finance mean?,valid
Record investing in crypto,invalid
Translate meditation,invalid
Guide to traveling in Europe,valid
Latest news on building a startup,valid
Email traveling in Europe,invalid
Open blockchain,invalid
Post deep learning,invalid
Play stock market,invalid
Open building a startup,invalid
Cook software development,invalid
Walk my pet machine learning,invalid
What is the best way to remote work?,valid
Who is Python programming?,valid
Text software development,invalid
Schedule traveling in Europe,invalid
Email freelancing,invalid
Turn on weight loss,invalid
Guide to cloud computing,valid
Play remote work,invalid
Post personal finance,invalid
Benefits of Python programming,valid
Who is blockchain?,valid
How to start remote work?,valid
Best tools for artificial intelligence,valid
Latest news on investing in crypto,valid
What is the best way to meditation?,valid
Top 10 artificial intelligence in blockchain,valid
Cook digital marketing,invalid
Schedule digital marketing,invalid
Call blockchain,invalid
Set a timer for stock market,invalid
Text Python programming,invalid
Top 10 remote work in digital marketing,valid
What does software development mean?,valid
Email cybersecurity,invalid
Top 10 digital marketing in software development,valid
Add climate change,invalid
What is the best way to meditation?,valid
Benefits of data analysis,valid
Who is Python programming?,valid
Play machine learning,invalid
Open climate change,invalid
What does artificial intelligence mean?,valid
Play digital marketing,invalid
Turn on personal finance,invalid
Who is investing in crypto?,valid
Text remote work,invalid
Translate digital marketing,invalid
Guide to deep learning,valid
Translate freelancing,invalid
Text weight loss,invalid
Post digital marketing,invalid
Who is cloud computing?,valid
Guide to digital marketing,valid
What does deep learning mean?,valid
How to start weight loss?,valid
Post investing in crypto,invalid
Add building a startup,invalid
Latest news on freelancing,valid
Top 10 stock market in data analysis,valid
Latest news on personal finance,valid
Add cybersecurity,invalid
How to learn cybersecurity quickly?,valid
Text data analysis,invalid
How to start freelancing?,valid
Who is software development?,valid
What does building a startup mean?,valid
Turn on traveling in Europe,invalid
Open Python programming,invalid
Cook data analysis,invalid
Buy cloud computing,invalid
Buy remote work,invalid
Add blockchain,invalid
Navigate to cloud computing,invalid
Who is meditation?,valid
Email blockchain,invalid
What does deep learning mean?,valid
Best tools for machine learning,valid
How to start Python programming?,valid
Latest news on cybersecurity,valid
Best tools for climate change,valid
Email digital marketing,invalid
What is the best way to remote work?,valid
What is the best way to climate change?,valid
Latest news on Python programming,valid
Record cybersecurity,invalid
Cook data analysis,invalid
Add remote work,invalid
Send a message to investing in crypto,invalid
Cook blockchain,invalid
Walk my pet machine learning,invalid
Top 10 climate change in climate change,valid
Top 10 climate change in cloud computing,valid
Navigate to digital marketing,invalid
Top 10 cybersecurity in cybersecurity,valid
Open data analysis,invalid
Add data analysis,invalid
Order cloud computing,invalid
How to start meditation?,valid
Top 10 data analysis in Python programming,valid
Who is machine learning?,valid
What does cybersecurity mean?,valid
Navigate to remote work,invalid
Open software development,invalid
Schedule remote work,invalid
Guide to artificial intelligence,valid
Guide to meditation,valid
Walk my pet freelancing,invalid
Guide to data analysis,valid
Turn on investing in crypto,invalid
What does weight loss mean?,valid
Navigate to weight loss,invalid
Who is building a startup?,valid
How to learn deep learning quickly?,valid
Best tools for digital marketing,valid
Who is blockchain?,valid
Benefits of software development,valid
How to learn Python programming quickly?,valid
Email cloud computing,invalid
Add building a startup,invalid
Set a timer for investing in crypto,invalid
What is the best way to stock market?,valid
Email blockchain,invalid
Guide to climate change,valid
Schedule deep learning,invalid
What is the best way to traveling in Europe?,valid
Schedule climate change,invalid
What is the best way to Python programming?,valid
Translate traveling in Europe,invalid
Schedule stock market,invalid
Send a message to blockchain,invalid
Benefits of machine learning,valid
Play remote work,invalid
Best tools for climate change,valid
How to learn meditation quickly?,valid
Play software development,invalid
Schedule deep learning,invalid
Best tools for meditation,valid
How to start cloud computing?,valid
Benefits of climate change,valid
What does machine learning mean?,valid
Best tools for building a startup,valid
What does investing in crypto mean?,valid
Schedule freelancing,invalid
Latest news on investing in crypto,valid
Turn on investing in crypto,invalid
Send a message to cloud computing,invalid
What does remote work mean?,valid
Translate deep learning,invalid
Navigate to meditation,invalid
Turn on remote work,invalid
What is the best way to software development?,valid
Buy digital marketing,invalid
Latest news on investing in crypto,valid
How to apply for breakfast recipes?,valid
How to apply for China?,valid
What is the GDP of India?,valid
What is the weather like in Canada?,valid
What is the capital of machine learning?,valid
How to make USA?,valid
What are the job opportunities in Japan?,valid
Top tourist attractions in Australia,valid
Who is the president of climate change?,valid
Current prime minister of democracy,valid
What are the job opportunities in breakfast recipes?,valid
What does cricket mean?,valid
Best movies of artificial intelligence,valid
How far is Italy from Brazil?,valid
What language is spoken in breakfast recipes?,valid
When was Japan founded?,valid
How far is Australia from China?,valid
Who is the president of democracy?,valid
How far is India from Australia?,valid
How far is Australia from China?,valid
How far is USA from Australia?,valid
What do people eat in breakfast recipes?,valid
What language is spoken in machine learning?,valid
How far is Japan from USA?,valid
What is the weather like in Australia?,valid
What are the symptoms of climate change?,valid
How far is Italy from China?,valid
How far is Brazil from USA?,valid
How far is Canada from China?,valid
Who is the president of Australia?,valid
What do people eat in machine learning?,valid
How far is Italy from USA?,valid
When was climate change founded?,valid
When was cricket founded?,valid
What does Germany mean?,valid
Famous festivals in Olympics,valid
What do people eat in South Africa?,valid
How far is Germany from Australia?,valid
How to make climate change?,valid
How far is China from Australia?,valid
How to make Germany?,valid
When was climate change founded?,valid
What are the job opportunities in South Africa?,valid
Top tourist attractions in Brazil,valid
Best movies of Japan,valid
Who is the president of Olympics?,valid
When was Germany founded?,valid
How far is Japan from Germany?,valid
What do people eat in Italy?,valid
What are the symptoms of Japan?,valid
How far is USA from Germany?,valid
What language is spoken in USA?,valid
What does China mean?,valid
What are the symptoms of blockchain?,valid
What is the time in Brazil?,valid
How to apply for quantum physics?,valid
What does blockchain mean?,valid
What do people eat in quantum physics?,valid
Who is the president of Australia?,valid
What do people eat in COVID-19?,valid
How far is Japan from South Africa?,valid
When is Olympics celebrated?,valid
What are the side effects of Australia?,valid
What is the time in Japan?,valid
What are the side effects of blockchain?,valid
Current prime minister of machine learning,valid
What are the side effects of Canada?,valid
What is the population of democracy?,valid
How far is Brazil from Canada?,valid
How many people live in China?,valid
How far is Italy from South Africa?,valid
Best movies of breakfast recipes,valid
How many people live in Italy?,valid
How far is India from Japan?,valid
What are the job opportunities in Japan?,valid
What does democracy mean?,valid
What are the side effects of Japan?,valid
When is quantum physics celebrated?,valid
What is the average salary in quantum physics?,valid
How far is Australia from USA?,valid
How far is Canada from Japan?,valid
Famous festivals in blockchain,valid
What do people eat in blockchain?,valid
When is blockchain celebrated?,valid
How far is South Africa from India?,valid
How far is India from China?,valid
When was cricket founded?,valid
Top tourist attractions in blockchain,valid
Current prime minister of COVID-19,valid
How far is Italy from Japan?,valid
When was USA founded?,valid
How many people live in blockchain?,valid
What are the job opportunities in Brazil?,valid
What language is spoken in Germany?,valid
When is cricket celebrated?,valid
Top tourist attractions in Australia,valid
Current prime minister of blockchain,valid
What are the job opportunities in South Africa?,valid
What language is spoken in Canada?,valid
How far is Canada from Germany?,valid
Who is the president of quantum physics?,valid
Who is the president of Australia?,valid
How far is Germany from Italy?,valid
When was Canada founded?,valid
What is the capital of cricket?,valid
What is the weather like in Australia?,valid
What are the symptoms of artificial intelligence?,valid
What is the time in Brazil?,valid
What is the population of South Africa?,valid
How far is Italy from China?,valid
How far is Italy from Australia?,valid
What is the time in blockchain?,valid
What does Japan mean?,valid
Current prime minister of Italy,valid
Top tourist attractions in machine learning,valid
Top tourist attractions in Canada,valid
Best movies of South Africa,valid
What language is spoken in Olympics?,valid
Who is the president of Canada?,valid
When is COVID-19 celebrated?,valid
How far is Canada from Italy?,valid
How to make quantum physics?,valid
Best movies of machine learning,valid
Famous festivals in Japan,valid
What do people eat in artificial intelligence?,valid
Best movies of blockchain,valid
What is the GDP of quantum physics?,valid
What is the GDP of breakfast recipes?,valid
Famous festivals in breakfast recipes,valid
Best movies of South Africa,valid
What are the symptoms of India?,valid
How far is Japan from Australia?,valid
How far is USA from Brazil?,valid
What is the average salary in India?,valid
What language is spoken in Brazil?,valid
When was Japan founded?,valid
Top tourist attractions in USA,valid
Latest news about cricket,valid
When was Italy founded?,valid
What do people eat in climate change?,valid
Who is the president of India?,valid
What are the side effects of China?,valid
What does Olympics mean?,valid
List of engineering colleges in cricket,valid
Best movies of India,valid
What is the weather like in Australia?,valid
How far is China from India?,valid
What are the symptoms of climate change?,valid
What do people eat in machine learning?,valid
When is Italy celebrated?,valid
What language is spoken in Brazil?,valid
What is the weather like in India?,valid
How far is Germany from Japan?,valid
How far is USA from Canada?,valid
What is the weather like in Olympics?,valid
How far is China from Italy?,valid
When is Brazil celebrated?,valid
Famous festivals in Canada,valid
Famous festivals in Japan,valid
Who is the president of Italy?,valid
How to apply for India?,valid
What does machine learning mean?,valid
How far is Brazil from USA?,valid
What are the job opportunities in machine learning?,valid
What is the GDP of Japan?,valid
Best movies of COVID-19,valid
What language is spoken in Brazil?,valid
When was Japan founded?,valid
How far is South Africa from China?,valid
What is the weather like in climate change?,valid
How to apply for Brazil?,valid
How to apply for machine learning?,valid
What is the weather like in South Africa?,valid
What is the weather like in quantum physics?,valid
How many people live in Canada?,valid
How far is Japan from China?,valid
Current prime minister of Olympics,valid
How far is Japan from Germany?,valid
What are the side effects of Canada?,valid
What language is spoken in South Africa?,valid
What is the average salary in blockchain?,valid
What is the weather like in machine learning?,valid
When is blockchain celebrated?,valid
What do people eat in China?,valid
Latest news about blockchain,valid
What is the weather like in quantum physics?,valid
What is the average salary in Australia?,valid
How to make COVID-19?,valid
What are the job opportunities in China?,valid
Famous festivals in cricket,valid
Top tourist attractions in India,valid
What language is spoken in Australia?,valid
When was Brazil founded?,valid
What are the symptoms of Japan?,valid
Who is the president of cricket?,valid
How many people live in India?,valid
Famous festivals in Brazil,valid
What is the average salary in South Africa?,valid
How to make COVID-19?,valid
Best movies of Italy,valid
Best movies of China,valid
What do people eat in democracy?,valid
What are the symptoms of COVID-19?,valid
How far is China from USA?,valid
How far is Australia from China?,valid
Current prime minister of Italy,valid
How far is Australia from South Africa?,valid
What is the time in democracy?,valid
How far is USA from South Africa?,valid
When is Japan celebrated?,valid
How many people live in Brazil?,valid
Best movies of COVID-19,valid
What does machine learning mean?,valid
Latest news about breakfast recipes,valid
What are the job opportunities in Germany?,valid
How far is Canada from Brazil?,valid
How to apply for artificial intelligence?,valid
How far is Italy from Canada?,valid
How far is India from Australia?,valid
What is the population of Germany?,valid
What are the job opportunities in quantum physics?,valid
How far is Japan from India?,valid
What is the GDP of India?,valid
What are the side effects of Germany?,valid
How far is Australia from China?,valid
What do people eat in Japan?,valid
How far is Canada from South Africa?,valid
List of engineering colleges in Australia,valid
Latest news about Canada,valid
Who is the president of breakfast recipes?,valid
What are the side effects of climate change?,valid
How far is Canada from Australia?,valid
Current prime minister of Canada,valid
When is Australia celebrated?,valid
What is the average salary in breakfast recipes?,valid
What does South Africa mean?,valid
What language is spoken in machine learning?,valid
How far is Italy from Japan?,valid
What does USA mean?,valid
What is the time in China?,valid
How far is South Africa from Brazil?,valid
How far is Australia from Italy?,valid
How far is Canada from USA?,valid
What is the average salary in Italy?,valid
How far is Canada from Brazil?,valid
How to apply for cricket?,valid
What does Australia mean?,valid
List of engineering colleges in USA,valid
Current prime minister of quantum physics,valid
What is the GDP of blockchain?,valid
How far is Canada from USA?,valid
How far is South Africa from China?,valid
How to apply for COVID-19?,valid
What is the population of Olympics?,valid
What is the GDP of Italy?,valid
Latest news about Olympics,valid
How far is Brazil from USA?,valid
How far is USA from India?,valid
Famous festivals in Italy,valid
What are the side effects of Olympics?,valid
What is the weather like in climate change?,valid
How far is South Africa from China?,valid
What are the side effects of breakfast recipes?,valid
What does climate change mean?,valid
How many people live in democracy?,valid
How far is Germany from South Africa?,valid
What are the side effects of COVID-19?,valid
How far is South Africa from Italy?,valid
Latest news about climate change,valid
What language is spoken in China?,valid
What is the population of COVID-19?,valid
How far is India from Germany?,valid
Latest news about cricket,valid
What are the job opportunities in India?,valid
When is Japan celebrated?,valid
How many people live in India?,valid
Who is the president of Australia?,valid
What do people eat in blockchain?,valid
How far is Canada from USA?,valid
How far is USA from Brazil?,valid
Top tourist attractions in climate change,valid
How many people live in quantum physics?,valid
What is the time in Japan?,valid
Latest news about Australia,valid
What is the capital of Australia?,valid
How far is Italy from South Africa?,valid
How far is Japan from Brazil?,valid
What are the side effects of Japan?,valid
How far is India from Australia?,valid
Top tourist attractions in cricket,valid
What are the side effects of Japan?,valid
What are the job opportunities in Australia?,valid
What is the population of Olympics?,valid
What is the time in South Africa?,valid
Who is the president of climate change?,valid
What language is spoken in Germany?,valid
What language is spoken in India?,valid
How far is Brazil from Canada?,valid
List of engineering colleges in artificial intelligence,valid
How far is India from Italy?,valid
What is the weather like in climate change?,valid
How far is South Africa from Japan?,valid
What are the symptoms of quantum physics?,valid
What is the GDP of COVID-19?,valid
How far is Italy from India?,valid
What language is spoken in Japan?,valid
How far is Japan from Australia?,valid
List of engineering colleges in Olympics,valid
List of engineering colleges in Germany,valid
When was Olympics founded?,valid
Current prime minister of Olympics,valid
What is the population of China?,valid
Latest news about quantum physics,valid
List of engineering colleges in quantum physics,valid
How far is Japan from Australia?,valid
What is the population of breakfast recipes?,valid
Famous festivals in USA,valid
How far is Japan from Australia?,valid
Famous festivals in Brazil,valid
How to apply for Olympics?,valid
Best movies of Canada,valid
How to make machine learning?,valid
What is the GDP of machine learning?,valid
What do people eat in USA?,valid
What is the average salary in China?,valid
How far is Brazil from Australia?,valid
How to make blockchain?,valid
How to make Canada?,valid
How far is India from China?,valid
How far is Australia from India?,valid
What is the weather like in machine learning?,valid
How to make breakfast recipes?,valid
How far is Canada from India?,valid
How many people live in Olympics?,valid
How far is Japan from China?,valid
When is Olympics celebrated?,valid
What are the side effects of machine learning?,valid
When was Italy founded?,valid
Current prime minister of democracy,valid
What is the GDP of Australia?,valid
What are the side effects of Italy?,valid
What is the population of machine learning?,valid
What are the job opportunities in artificial intelligence?,valid
Latest news about blockchain,valid
Famous festivals in breakfast recipes,valid
How far is Brazil from China?,valid
Top tourist attractions in Canada,valid
How far is Germany from Australia?,valid
What do people eat in USA?,valid
What is the capital of blockchain?,valid
What does artificial intelligence mean?,valid
Top tourist attractions in artificial intelligence,valid
How to make Brazil?,valid
What is the average salary in Italy?,valid
What is the capital of blockchain?,valid
How far is India from South Africa?,valid
What is the weather like in machine learning?,valid
What is the weather like in Brazil?,valid
Who is the president of blockchain?,valid
What is the weather like in USA?,valid
Who is the president of artificial intelligence?,valid
What is the average salary in Australia?,valid
Current prime minister of blockchain,valid
What are the side effects of Canada?,valid
What is the weather like in democracy?,valid
How far is Japan from Brazil?,valid
What is the population of Canada?,valid
What does quantum physics mean?,valid
What is the population of Australia?,valid
What are the symptoms of South Africa?,valid
What is the population of USA?,valid
What do people eat in machine learning?,valid
List of engineering colleges in quantum physics,valid
What is the average salary in USA?,valid
What are the job opportunities in Brazil?,valid
What are the side effects of China?,valid
Latest news about breakfast recipes,valid
How many people live in quantum physics?,valid
Top tourist attractions in Germany,valid
What is the average salary in breakfast recipes?,valid
What are the side effects of Germany?,valid
List of engineering colleges in COVID-19,valid
List of engineering colleges in cricket,valid
What does Japan mean?,valid
What does Brazil mean?,valid
What do people eat in democracy?,valid
What language is spoken in quantum physics?,valid
When is South Africa celebrated?,valid
How far is USA from Australia?,valid
What is the capital of breakfast recipes?,valid
What is the capital of Australia?,valid
What does China mean?,valid
When is Australia celebrated?,valid
How far is Italy from India?,valid
Latest news about Japan,valid
What are the job opportunities in quantum physics?,valid
Best movies of India,valid
How far is South Africa from China?,valid
When is Italy celebrated?,valid
Best movies of South Africa,valid
Famous festivals in Japan,valid
When is artificial intelligence celebrated?,valid
What does Brazil mean?,valid
How far is Canada from South Africa?,valid
When is blockchain celebrated?,valid
Latest news about Japan,valid
What are the symptoms of Germany?,valid
Current prime minister of climate change,valid
When is machine learning celebrated?,valid
When was quantum physics founded?,valid
What is the population of quantum physics?,valid
List of engineering colleges in Canada,valid
Current prime minister of machine learning,valid
Famous festivals in USA,valid
Who is the president of India?,valid
What language is spoken in machine learning?,valid
What language is spoken in Japan?,valid
Current prime minister of machine learning,valid
What is the population of artificial intelligence?,valid
What are the side effects of machine learning?,valid
How to make Italy?,valid
How far is Australia from Germany?,valid
What is the GDP of cricket?,valid
What is the average salary in USA?,valid
How to apply for machine learning?,valid
What is the time in Japan?,valid
When was COVID-19 founded?,valid
What is the GDP of quantum physics?,valid
How far is Brazil from Japan?,valid
What does blockchain mean?,valid
How far is USA from Italy?,valid
What do people eat in blockchain?,valid
How far is China from Brazil?,valid
How far is Brazil from Italy?,valid
When is cricket celebrated?,valid
What is the weather like in artificial intelligence?,valid
Current prime minister of USA,valid
What is the time in USA?,valid
How far is India from Australia?,valid
What is the capital of democracy?,valid
What is the GDP of Germany?,valid
When is Brazil celebrated?,valid
What language is spoken in Brazil?,valid
Top tourist attractions in Italy,valid
How far is Japan from Germany?,valid
What is the time in breakfast recipes?,valid
Best movies of Italy,valid
How many people live in quantum physics?,valid
Famous festivals in Brazil,valid
What is the average salary in COVID-19?,valid
What language is spoken in Australia?,valid
How far is Japan from Australia?,valid
What is the capital of blockchain?,valid
What does cricket mean?,valid
What is the time in artificial intelligence?,valid
When was India founded?,valid
How to make Brazil?,valid
What is the capital of Brazil?,valid
How far is Italy from South Africa?,valid
Who is the president of cricket?,valid
What does Olympics mean?,valid
Who is the president of blockchain?,valid
What are the job opportunities in Japan?,valid
What are the side effects of South Africa?,valid
Best movies of quantum physics,valid
How far is China from Italy?,valid
What is the GDP of India?,valid
When was democracy founded?,valid
When was Italy founded?,valid
Who is the president of blockchain?,valid
When was breakfast recipes founded?,valid
How far is India from USA?,valid
What is the time in machine learning?,valid
How far is South Africa from China?,valid
What is the time in India?,valid
When is Japan celebrated?,valid
Top tourist attractions in Germany,valid
What language is spoken in Canada?,valid
When is Brazil celebrated?,valid
Current prime minister of blockchain,valid
What are the side effects of China?,valid
How far is South Africa from Italy?,valid
How to make Australia?,valid
What are the symptoms of democracy?,valid
How far is USA from Australia?,valid
What language is spoken in Brazil?,valid
Latest news about democracy,valid
How far is USA from Brazil?,valid
What is the GDP of blockchain?,valid
Latest news about Japan,valid
How to make India?,valid
What are the symptoms of Japan?,valid
What is the capital of breakfast recipes?,valid
How many people live in China?,valid
How far is South Africa from Canada?,valid
When is USA celebrated?,valid
Famous festivals in quantum physics,valid
List of engineering colleges in Brazil,valid
What are the job opportunities in Australia?,valid
How far is Germany from Japan?,valid
Translate 'hello' to Spanish,invalid
Navigate to home,invalid
Book cab to airport,invalid
Schedule a meeting tomorrow,invalid
Turn off the lights in the living room,invalid
Play my workout playlist,invalid
Record a video,invalid
Turn off the lights in the living room,invalid
Make a note of this,invalid
Record a video,invalid
Send money to Rahul,invalid
Remind me to walk the dog,invalid
Make a note of this,invalid
Turn off the lights in the living room,invalid
Text Sam I'm running late,invalid
Add milk to grocery list,invalid
Set a timer for 20 minutes,invalid
Navigate to home,invalid
Turn off the lights in the living room,invalid
Record a video,invalid
Download the latest episode,invalid
Book cab to airport,invalid
Play my workout playlist,invalid
Download the latest episode,invalid
Schedule a meeting tomorrow,invalid
Translate 'hello' to Spanish,invalid
Add event to calendar,invalid
Translate 'hello' to Spanish,invalid
Set alarm for 5 AM,invalid
Set alarm for 5 AM,invalid
Turn on Bluetooth,invalid
Add event to calendar,invalid
Remind me to walk the dog,invalid
Open YouTube,invalid
Schedule a meeting tomorrow,invalid
Remind me to walk the dog,invalid
Make a note of this,invalid
Open YouTube,invalid
Translate 'hello' to Spanish,invalid
Send money to Rahul,invalid
Book an appointment with dentist,invalid
Translate 'hello' to Spanish,invalid
Post this on Instagram,invalid
Download the latest episode,invalid
Translate 'hello' to Spanish,invalid
Navigate to home,invalid
Set alarm for 5 AM,invalid
Wake me up at 7 AM,invalid
Turn on Bluetooth,invalid
Remind me to walk the dog,invalid
Text Sam I'm running late,invalid
Add milk to grocery list,invalid
Set a timer for 20 minutes,invalid
Turn on Do Not Disturb,invalid
Turn on Do Not Disturb,invalid
Make a note of this,invalid
Play my workout playlist,invalid
Remind me to walk the dog,invalid
Increase volume,invalid
Translate 'hello' to Spanish,invalid
Turn on Bluetooth,invalid
Send money to Rahul,invalid
Send money to Rahul,invalid
Turn off the lights in the living room,invalid
Wake me up at 7 AM,invalid
Turn on Bluetooth,invalid
Increase volume,invalid
Schedule a meeting tomorrow,invalid
Add event to calendar,invalid
Add event to calendar,invalid
Open YouTube,invalid
Send money to Rahul,invalid
Add event to calendar,invalid
Increase volume,invalid
Turn on Do Not Disturb,invalid
Check battery level,invalid
Call mom,invalid
Turn on Do Not Disturb,invalid
Navigate to home,invalid
Increase volume,invalid
Check battery level,invalid
Increase volume,invalid
Turn on Bluetooth,invalid
Navigate to home,invalid
Open YouTube,invalid
Schedule a meeting tomorrow,invalid
Increase volume,invalid
Make a note of this,invalid
Send money to Rahul,invalid
Open YouTube,invalid
Increase volume,invalid
Increase volume,invalid
Text Sam I'm running late,invalid
Schedule a meeting tomorrow,invalid
Text Sam I'm running late,invalid
Set alarm for 5 AM,invalid
Set alarm for 5 AM,invalid
Remind me to walk the dog,invalid
Add event to calendar,invalid
Book an appointment with dentist,invalid
Open YouTube,invalid
Download the latest episode,invalid
Post this on Instagram,invalid
Set alarm for 5 AM,invalid
Increase volume,invalid
Text Sam I'm running late,invalid
Increase volume,invalid
Call mom,invalid
Translate 'hello' to Spanish,invalid
Play my workout playlist,invalid
Play my workout playlist,invalid
Turn off the lights in the living room,invalid
Send money to Rahul,invalid
Check battery level,invalid
Download the latest episode,invalid
Translate 'hello' to Spanish,invalid
Make a note of this,invalid
Call mom,invalid
Make a note of this,invalid
Download the latest episode,invalid
Download the latest episode,invalid
Check battery level,invalid
Download the latest episode,invalid
Wake me up at 7 AM,invalid
Wake me up at 7 AM,invalid
Turn on Bluetooth,invalid
Remind me to walk the dog,invalid
Post this on Instagram,invalid
Send money to Rahul,invalid
Open YouTube,invalid
Send money to Rahul,invalid
Turn on Bluetooth,invalid
Turn off the lights in the living room,invalid
Navigate to home,invalid
Set alarm for 5 AM,invalid
Navigate to home,invalid
Text Sam I'm running late,invalid
Add event to calendar,invalid
Open YouTube,invalid
Translate 'hello' to Spanish,invalid
Record a video,invalid
Increase volume,invalid
Add milk to grocery list,invalid
Send money to Rahul,invalid
Open YouTube,invalid
Send money to Rahul,invalid
Remind me to walk the dog,invalid
Translate 'hello' to Spanish,invalid
Set alarm for 5 AM,invalid
Text Sam I'm running late,invalid
Download the latest episode,invalid
Set a timer for 20 minutes,invalid
Add milk to grocery list,invalid
Text Sam I'm running late,invalid
Make a note of this,invalid
Schedule a meeting tomorrow,invalid
Send money to Rahul,invalid
Call mom,invalid
Check battery level,invalid
Send money to Rahul,invalid
Wake me up at 7 AM,invalid
Make a note of this,invalid
Set a timer for 20 minutes,invalid
Send money to Rahul,invalid
Open YouTube,invalid
Book cab to airport,invalid
Add milk to grocery list,invalid
Turn on Do Not Disturb,invalid
Email this document to John,invalid
Text Sam I'm running late,invalid
Schedule a meeting tomorrow,invalid
Set a timer for 20 minutes,invalid
Post this on Instagram,invalid
Download the latest episode,invalid
Email this document to John,invalid
Translate 'hello' to Spanish,invalid
Check battery level,invalid
Book an appointment with dentist,invalid
Book cab to airport,invalid
Translate 'hello' to Spanish,invalid
Set a timer for 20 minutes,invalid
Navigate to home,invalid
Remind me to walk the dog,invalid
Book cab to airport,invalid
Schedule a meeting tomorrow,invalid
Call mom,invalid
Send money to Rahul,invalid
Set alarm for 5 AM,invalid
Set alarm for 5 AM,invalid
Make a note of this,invalid
Wake me up at 7 AM,invalid
Download the latest episode,invalid
Turn on Bluetooth,invalid
Turn off the lights in the living room,invalid
Open YouTube,invalid
Email this document to John,invalid
Turn off the lights in the living room,invalid
Increase volume,invalid
Remind me to walk the dog,invalid
Remind me to walk the dog,invalid
Add event to calendar,invalid
Translate 'hello' to Spanish,invalid
Download the latest episode,invalid
Send money to Rahul,invalid
Schedule a meeting tomorrow,invalid
Turn off the lights in the living room,invalid
Increase volume,invalid
Make a note of this,invalid
Post this on Instagram,invalid
Play my workout playlist,invalid
Remind me to walk the dog,invalid
Add milk to grocery list,invalid
Play my workout playlist,invalid
Text Sam I'm running late,invalid
Text Sam I'm running late,invalid
Send money to Rahul,invalid
Post this on Instagram,invalid
Add milk to grocery list,invalid
Add event to calendar,invalid
Download the latest episode,invalid
Send money to Rahul,invalid
Open YouTube,invalid
Add milk to grocery list,invalid
Navigate to home,invalid
Download the latest episode,invalid
Remind me to walk the dog,invalid
Open YouTube,invalid
Add milk to grocery list,invalid
Turn on Do Not Disturb,invalid
Call mom,invalid
Set a timer for 20 minutes,invalid
Set a timer for 20 minutes,invalid
Set a timer for 20 minutes,invalid
Download the latest episode,invalid
Add event to calendar,invalid
Post this on Instagram,invalid
Book an appointment with dentist,invalid
Play my workout playlist,invalid
Call mom,invalid
Send money to Rahul,invalid
Make a note of this,invalid
Set a timer for 20 minutes,invalid
Remind me to walk the dog,invalid
Open YouTube,invalid
Download the latest episode,invalid
Check battery level,invalid
Post this on Instagram,invalid
Call mom,invalid
Make a note of this,invalid
Download the latest episode,invalid
Wake me up at 7 AM,invalid
Text Sam I'm running late,invalid
Schedule a meeting tomorrow,invalid
Make a note of this,invalid
Post this on Instagram,invalid
Turn off the lights in the living room,invalid
Download the latest episode,invalid
Add event to calendar,invalid
Text Sam I'm running late,invalid
Turn on Do Not Disturb,invalid
Book cab to airport,invalid
Post this on Instagram,invalid
Add event to calendar,invalid
Set alarm for 5 AM,invalid
Add event to calendar,invalid
Remind me to walk the dog,invalid
Schedule a meeting tomorrow,invalid
Remind me to walk the dog,invalid
Wake me up at 7 AM,invalid
Record a video,invalid
Translate 'hello' to Spanish,invalid
Call mom,invalid
Open YouTube,invalid
Add event to calendar,invalid
Increase volume,invalid
Make a note of this,invalid
Set alarm for 5 AM,invalid
Turn on Bluetooth,invalid
Send money to Rahul,invalid
Set a timer for 20 minutes,invalid
Post this on Instagram,invalid
Text Sam I'm running late,invalid
Wake me up at 7 AM,invalid
Call mom,invalid
Record a video,invalid
Post this on Instagram,invalid
Turn on Bluetooth,invalid
Turn on Bluetooth,invalid
Wake me up at 7 AM,invalid
Make a note of this,invalid
Turn off the lights in the living room,invalid
Wake me up at 7 AM,invalid
Open YouTube,invalid
Turn on Bluetooth,invalid
Set a timer for 20 minutes,invalid
Open YouTube,invalid
Turn on Do Not Disturb,invalid
Navigate to home,invalid
Book cab to airport,invalid
Post this on Instagram,invalid
Translate 'hello' to Spanish,invalid
Turn off the lights in the living room,invalid
Add event to calendar,invalid
Turn on Do Not Disturb,invalid
Set alarm for 5 AM,invalid
Post this on Instagram,invalid
Set alarm for 5 AM,invalid
Schedule a meeting tomorrow,invalid
Text Sam I'm running late,invalid
Email this document to John,invalid
Email this document to John,invalid
Download the latest episode,invalid
Book an appointment with dentist,invalid
Set a timer for 20 minutes,invalid
Translate 'hello' to Spanish,invalid
Navigate to home,invalid
Navigate to home,invalid
Send money to Rahul,invalid
Add milk to grocery list,invalid
Make a note of this,invalid
Post this on Instagram,invalid
Set alarm for 5 AM,invalid
Translate 'hello' to Spanish,invalid
Make a note of this,invalid
Post this on Instagram,invalid
Set a timer for 20 minutes,invalid
Add event to calendar,invalid
Text Sam I'm running late,invalid
Record a video,invalid
Remind me to walk the dog,invalid
Set a timer for 20 minutes,invalid
Increase volume,invalid
Add milk to grocery list,invalid
Turn off the lights in the living room,invalid
Post this on Instagram,invalid
Call mom,invalid
Set a timer for 20 minutes,invalid
Turn on Bluetooth,invalid
Set alarm for 5 AM,invalid
Schedule a meeting tomorrow,invalid
Set alarm for 5 AM,invalid
Add milk to grocery list,invalid
Download the latest episode,invalid
Download the latest episode,invalid
Book cab to airport,invalid
Make a note of this,invalid
Record a video,invalid
Navigate to home,invalid
Set a timer for 20 minutes,invalid
Make a note of this,invalid
Remind me to walk the dog,invalid
Translate 'hello' to Spanish,invalid
Wake me up at 7 AM,invalid
Increase volume,invalid
Turn on Do Not Disturb,invalid
Remind me to walk the dog,invalid
Email this document to John,invalid
Set alarm for 5 AM,invalid
Schedule a meeting tomorrow,invalid
Remind me to walk the dog,invalid
Set alarm for 5 AM,invalid
Book an appointment with dentist,invalid
Add milk to grocery list,invalid
Schedule a meeting tomorrow,invalid
Navigate to home,invalid
Call mom,invalid
Open YouTube,invalid
Turn off the lights in the living room,invalid
Email this document to John,invalid
Translate 'hello' to Spanish,invalid
Schedule a meeting tomorrow,invalid
Record a video,invalid
Send money to Rahul,invalid
Download the latest episode,invalid
Download the latest episode,invalid
Check battery level,invalid
Check battery level,invalid
Remind me to walk the dog,invalid
Remind me to walk the dog,invalid
Play my workout playlist,invalid
Call mom,invalid
Make a note of this,invalid
Navigate to home,invalid
Book cab to airport,invalid
Remind me to walk the dog,invalid
Email this document to John,invalid
Set a timer for 20 minutes,invalid
Add milk to grocery list,invalid
Book an appointment with dentist,invalid
Record a video,invalid
Email this document to John,invalid
Schedule a meeting tomorrow,invalid
Schedule a meeting tomorrow,invalid
Check battery level,invalid
Make a note of this,invalid
Turn off the lights in the living room,invalid
Call mom,invalid
Make a note of this,invalid
Remind me to walk the dog,invalid
Turn off the lights in the living room,invalid
Schedule a meeting tomorrow,invalid
Navigate to home,invalid
Play my workout playlist,invalid
Record a video,invalid
Add milk to grocery list,invalid
Post this on Instagram,invalid
Turn on Bluetooth,invalid
Turn on Bluetooth,invalid
Send money to Rahul,invalid
Increase volume,invalid
Call mom,invalid
Download the latest episode,invalid
Add milk to grocery list,invalid
Play my workout playlist,invalid
Wake me up at 7 AM,invalid
Set a timer for 20 minutes,invalid
Remind me to walk the dog,invalid
Send money to Rahul,invalid
Call mom,invalid
Add event to calendar,invalid
Turn on Bluetooth,invalid
Increase volume,invalid
Add event to calendar,invalid
Turn on Do Not Disturb,invalid
Turn off the lights in the living room,invalid
Make a note of this,invalid
Book cab to airport,invalid
Wake me up at 7 AM,invalid
Book an appointment with dentist,invalid
Record a video,invalid
Call mom,invalid
Record a video,invalid
Turn on Do Not Disturb,invalid
Text Sam I'm running late,invalid
Make a note of this,invalid
Increase volume,invalid
Wake me up at 7 AM,invalid
Add event to calendar,invalid
Send money to Rahul,invalid
Navigate to home,invalid
Set a timer for 20 minutes,invalid
Increase volume,invalid
Post this on Instagram,invalid
Add event to calendar,invalid
Add milk to grocery list,invalid
Book an appointment with dentist,invalid
Send money to Rahul,invalid
Turn off the lights in the living room,invalid
Turn on Bluetooth,invalid
Add event to calendar,invalid
Add milk to grocery list,invalid
Make a note of this,invalid
Turn on Do Not Disturb,invalid
Record a video,invalid
Play my workout playlist,invalid
Post this on Instagram,invalid
Navigate to home,invalid
Send money to Rahul,invalid
Remind me to walk the dog,invalid
Schedule a meeting tomorrow,invalid
Set alarm for 5 AM,invalid
Check battery level,invalid
Navigate to home,invalid
Add event to calendar,invalid
Text Sam I'm running late,invalid
Turn off the lights in the living room,invalid
Increase volume,invalid
Turn on Bluetooth,invalid
Schedule a meeting tomorrow,invalid
Schedule a meeting tomorrow,invalid
Turn on Bluetooth,invalid
Add event to calendar,invalid
Turn on Do Not Disturb,invalid
Wake me up at 7 AM,invalid
Turn on Do Not Disturb,invalid
Post this on Instagram,invalid
Record a video,invalid
Turn off the lights in the living room,invalid
Book cab to airport,invalid
Record a video,invalid
Turn on Do Not Disturb,invalid
Wake me up at 7 AM,invalid
Book cab to airport,invalid
Turn on Bluetooth,invalid
Schedule a meeting tomorrow,invalid
Add milk to grocery list,invalid
Email this document to John,invalid
Set alarm for 5 AM,invalid
Call mom,invalid
Send money to Rahul,invalid
Check battery level,invalid
Wake me up at 7 AM,invalid
Turn on Do Not Disturb,invalid
Turn off the lights in the living room,invalid
Turn on Bluetooth,invalid
Book an appointment with dentist,invalid
Open YouTube,invalid
Send money to Rahul,invalid
Turn on Do Not Disturb,invalid
Set alarm for 5 AM,invalid
